./saved_models/201903-31-13-35-22+0.001:0, 0.001, 0, 0.016714550909131765, 0.976918, 0.088354655, 87.131485, 0.013401667, 0.06577947
./saved_models/201903-31-13-35-32+0.005:0, 0.005, 0, 0.01695511222743988, 0.976749, 0.08842033, 102.092285, 0.013377297, 0.06566701
./saved_models/201903-31-13-36-09+0.0:0, 0.0, 0, 0.01661543877542019, 0.977034, 0.088276766, 78.7344, 0.013367844, 0.06565994
./saved_models/201903-31-13-36-22+1.0:0, 1.0, 0, 0.08636229619956017, 0.972427, 0.09921489, 96.619934, 0.017054709, 0.06596277
./saved_models/201903-31-13-37-02+0.05:0, 0.05, 0, 0.019842991512179376, 0.977057, 0.08811998, 83.95831, 0.013379774, 0.06408778
./saved_models/201903-31-13-37-19+5.0:0, 5.0, 0, 0.31934083433151245, 0.969748, 0.107047975, 162.47757, 0.021936197, 0.058788087
./saved_models/201903-31-13-38-23+0.001:1, 0.001, 1, 0.01672954892015457, 0.977277, 0.08836354, 76.043915, 0.01341537, 0.065891415
./saved_models/201903-31-13-38-40+0.005:1, 0.005, 1, 0.01692751775124669, 0.97679, 0.0880967, 89.826805, 0.013353274, 0.0653131
./saved_models/201903-31-13-39-30+0.0:1, 0.0, 1, 0.01659712612912059, 0.976999, 0.08826812, 77.16502, 0.013347592, 0.06559244
./saved_models/201903-31-13-39-47+1.0:1, 1.0, 1, 0.07998260817790032, 0.974683, 0.094621755, 78.470146, 0.015646879, 0.06099406
./saved_models/201903-31-13-40-19+0.05:1, 0.05, 1, 0.019840203136652707, 0.977062, 0.08804085, 69.9221, 0.013377093, 0.064222805
./saved_models/201903-31-13-40-41+5.0:1, 5.0, 1, 0.31349067464113234, 0.969792, 0.10625715, 151.59602, 0.021886837, 0.057626713
./saved_models/201903-31-13-41-48+0.001:2, 0.001, 2, 0.016674783268272878, 0.976868, 0.08829661, 72.836296, 0.013359302, 0.06566025
./saved_models/201903-31-13-42-06+0.005:2, 0.005, 2, 0.01695388327726722, 0.976941, 0.08821248, 80.22004, 0.0133759845, 0.06538436
./saved_models/201903-31-13-42-57+0.0:2, 0.0, 2, 0.016584413935124873, 0.977131, 0.08814825, 71.1932, 0.01333504, 0.06553336
./saved_models/201903-31-13-43-20+1.0:2, 1.0, 2, 0.07856587078785897, 0.974981, 0.093749195, 103.75291, 0.015538697, 0.05968554
./saved_models/201903-31-13-43-45+0.05:2, 0.05, 2, 0.019944768972098827, 0.976896, 0.08837707, 103.09129, 0.013470709, 0.0644242
./saved_models/201903-31-13-44-09+5.0:2, 5.0, 2, 0.3263294115767479, 0.968935, 0.1072293, 297.81268, 0.021191273, 0.060336757
./saved_models/201903-31-13-45-04+0.001:3, 0.001, 3, 0.016684024885207413, 0.97705, 0.08830671, 83.483986, 0.013370627, 0.06547639
./saved_models/201903-31-13-45-27+0.005:3, 0.005, 3, 0.016987660391777754, 0.976796, 0.08830087, 93.32431, 0.013410788, 0.06536346
./saved_models/201903-31-13-46-22+0.0:3, 0.0, 3, 0.0166118930183053, 0.97692, 0.08818903, 117.79215, 0.013362639, 0.065553196
./saved_models/201903-31-13-46-50+1.0:3, 1.0, 3, 0.07835164449381829, 0.974227, 0.09375883, 80.054405, 0.015620563, 0.059389748
./saved_models/201903-31-13-47-12+0.05:3, 0.05, 3, 0.01999010175779462, 0.976385, 0.088591844, 124.0074, 0.013500309, 0.064619854
./saved_models/201903-31-13-47-45+5.0:3, 5.0, 3, 0.3303968039479256, 0.970499, 0.11003678, 115.392685, 0.02308772, 0.06076778
./saved_models/201903-31-13-48-44+0.001:4, 0.001, 4, 0.01666781970369816, 0.976874, 0.08824055, 90.13184, 0.0133522265, 0.06563741
./saved_models/201903-31-13-49-09+0.005:4, 0.005, 4, 0.01692700002196431, 0.976956, 0.08821643, 77.68251, 0.013350529, 0.065444425
./saved_models/201903-31-13-50-15+0.0:4, 0.0, 4, 0.016716239323347808, 0.976961, 0.08862065, 94.55242, 0.013469382, 0.0660136
./saved_models/201903-31-13-50-59+1.0:4, 1.0, 4, 0.07854917452073097, 0.974623, 0.09365369, 87.39074, 0.015423971, 0.059784584
./saved_models/201903-31-13-51-11+0.05:4, 0.05, 4, 0.0198841981767416, 0.976927, 0.08826206, 105.64927, 0.013407474, 0.06438496
./saved_models/201903-31-13-51-45+5.0:4, 5.0, 4, 0.3298571446080208, 0.969035, 0.108559534, 110.1087, 0.022518666, 0.060776833
./saved_models/201903-31-13-52-40+0.001:5, 0.001, 5, 0.01665606316423416, 0.976983, 0.08820784, 112.26048, 0.0133423405, 0.06554337
./saved_models/201903-31-13-53-09+0.005:5, 0.005, 5, 0.01698346630766988, 0.976852, 0.08821522, 92.49486, 0.013408889, 0.06538667
./saved_models/201903-31-13-54-18+0.0:5, 0.0, 5, 0.01666054064376652, 0.977272, 0.08838434, 68.30091, 0.013410695, 0.065712236
./saved_models/201903-31-13-55-11+0.05:5, 0.05, 5, 0.020145214281529187, 0.976481, 0.08921937, 81.433136, 0.0136270225, 0.06518297
./saved_models/201903-31-13-55-09+1.0:5, 1.0, 5, 0.07847549473798275, 0.974673, 0.09364778, 109.55218, 0.01549815, 0.059645325
./saved_models/201903-31-13-55-47+5.0:5, 5.0, 5, 0.32695177469110487, 0.96868, 0.10876236, 113.96459, 0.022493234, 0.06019696
./saved_models/201903-31-13-56-33+0.001:6, 0.001, 6, 0.01669064718952775, 0.976918, 0.08830824, 116.914505, 0.013379406, 0.06569483
./saved_models/201903-31-13-57-03+0.005:6, 0.005, 6, 0.01709280667605996, 0.976905, 0.088663414, 69.23141, 0.013515938, 0.06597969
./saved_models/201903-31-13-58-22+0.0:6, 0.0, 6, 0.01663300978538394, 0.977349, 0.08832468, 104.17791, 0.01338465, 0.065837085
./saved_models/201903-31-13-59-13+0.05:6, 0.05, 6, 0.01987480607956648, 0.976936, 0.08828261, 80.06082, 0.013393535, 0.06455579
./saved_models/201903-31-13-59-19+1.0:6, 1.0, 6, 0.07867163068854809, 0.974796, 0.09370769, 88.232315, 0.01554207, 0.05978947
./saved_models/201903-31-13-59-56+5.0:6, 5.0, 6, 0.31428934214782717, 0.969964, 0.10534565, 123.36361, 0.021268113, 0.057912566
./saved_models/201903-31-14-00-31+0.001:7, 0.001, 7, 0.016712653892874716, 0.976999, 0.088329524, 87.26815, 0.013400299, 0.06574238
./saved_models/201903-31-14-01-15+0.005:7, 0.005, 7, 0.01697497643840313, 0.977064, 0.08839667, 96.27413, 0.013399421, 0.06551853
./saved_models/201903-31-14-02-24+0.0:7, 0.0, 7, 0.016626788168147208, 0.976839, 0.08846943, 95.50652, 0.01338142, 0.06594519
./saved_models/201903-31-14-03-09+0.05:7, 0.05, 7, 0.019855452043950558, 0.976879, 0.08819976, 78.38427, 0.013372236, 0.06446825
./saved_models/201903-31-14-03-26+1.0:7, 1.0, 7, 0.0806349007730484, 0.973636, 0.095440604, 99.30829, 0.015913362, 0.061383385
./saved_models/201903-31-14-04-02+5.0:7, 5.0, 7, 0.3354579149312973, 0.96998, 0.10934224, 102.113495, 0.022528976, 0.061889224
./saved_models/201903-31-14-04-35+0.001:8, 0.001, 8, 0.016721453415900468, 0.976856, 0.08839226, 96.574776, 0.013405529, 0.06581595
./saved_models/201903-31-14-05-14+0.005:8, 0.005, 8, 0.016911326019793747, 0.976868, 0.08820004, 95.92676, 0.013332018, 0.06542337
./saved_models/201903-31-14-06-21+0.0:8, 0.0, 8, 0.016603747894465924, 0.976931, 0.0882773, 163.56073, 0.013355418, 0.06582074
./saved_models/201903-31-14-07-02+0.05:8, 0.05, 8, 0.019827988355010748, 0.977104, 0.088065945, 72.69412, 0.013365827, 0.064031035
./saved_models/201903-31-14-07-25+1.0:8, 1.0, 8, 0.07784233040893078, 0.974027, 0.093340725, 84.55827, 0.015388156, 0.059123673
./saved_models/201903-31-14-07-58+5.0:8, 5.0, 8, 0.3749940820603371, 0.968578, 0.1145959, 114.47185, 0.023587784, 0.06958849
./saved_models/201903-31-14-08-29+0.001:9, 0.001, 9, 0.016667343036413193, 0.976899, 0.088213935, 76.22699, 0.013351675, 0.06559987
./saved_models/201903-31-14-09-05+0.005:9, 0.005, 9, 0.016953599979966878, 0.976771, 0.08824733, 117.297714, 0.013377849, 0.06555124
./saved_models/201903-31-14-10-15+0.0:9, 0.0, 9, 0.016627993120610713, 0.976895, 0.08827467, 100.955086, 0.013380853, 0.06542582
./saved_models/201903-31-14-10-56+0.05:9, 0.05, 9, 0.01993170525112748, 0.976812, 0.08844941, 87.06531, 0.01344828, 0.06451325
./saved_models/201903-31-14-11-31+1.0:9, 1.0, 9, 0.08179460717093945, 0.973679, 0.096729286, 76.76937, 0.01610774, 0.062344894
./saved_models/201903-31-14-11-52+5.0:9, 5.0, 9, 0.32223241046476364, 0.968973, 0.108092666, 201.6723, 0.022014908, 0.059349563
./saved_models/201903-31-14-12-23+0.001:10, 0.001, 10, 0.01673004214090109, 0.977079, 0.08832716, 77.93285, 0.013415683, 0.06553719
./saved_models/201903-31-14-13-01+0.005:10, 0.005, 10, 0.01698025315964222, 0.977055, 0.088489376, 81.26248, 0.013402283, 0.0657892
./saved_models/201903-31-14-14-12+0.0:10, 0.0, 10, 0.01661519273200631, 0.977334, 0.08817875, 120.60287, 0.013370304, 0.0657379
./saved_models/201903-31-14-14-53+0.05:10, 0.05, 10, 0.019870693765699863, 0.976799, 0.088238426, 95.37447, 0.013397212, 0.06429738
./saved_models/201903-31-14-15-36+1.0:10, 1.0, 10, 0.07776214779305458, 0.974474, 0.09324755, 138.23128, 0.0154275885, 0.05899938
./saved_models/201903-31-14-15-49+5.0:10, 5.0, 10, 0.32685655640935896, 0.970416, 0.10811682, 116.28185, 0.02166743, 0.060346074
./saved_models/201903-31-14-16-17+0.001:11, 0.001, 11, 0.016680536086171864, 0.976839, 0.08832099, 92.95602, 0.013367691, 0.06552107
./saved_models/201903-31-14-16-58+0.005:11, 0.005, 11, 0.017016938519388437, 0.976662, 0.08850608, 83.0054, 0.013441483, 0.06564163
./saved_models/201903-31-14-18-11+0.0:11, 0.0, 11, 0.016653772902935744, 0.976896, 0.08850011, 76.48187, 0.013404931, 0.065844305
./saved_models/201903-31-14-18-52+0.05:11, 0.05, 11, 0.020196998063415288, 0.976883, 0.08934619, 70.49818, 0.013686995, 0.0650674
./saved_models/201903-31-14-19-43+1.0:11, 1.0, 11, 0.07714511681699752, 0.975035, 0.09295129, 166.641, 0.015310919, 0.058498032
./saved_models/201903-31-14-19-49+5.0:11, 5.0, 11, 0.32534630501127243, 0.969455, 0.108830296, 235.61072, 0.02176522, 0.060025733
./saved_models/201903-31-14-20-18+0.001:12, 0.001, 12, 0.01672290485545993, 0.976744, 0.088284895, 80.29095, 0.013409381, 0.06554007
./saved_models/201903-31-14-20-59+0.005:12, 0.005, 12, 0.016938132822722198, 0.977262, 0.08820217, 75.46843, 0.01336351, 0.065676086
./saved_models/201903-31-14-22-12+0.0:12, 0.0, 12, 0.016582821158826352, 0.97699, 0.088240124, 81.464165, 0.013334455, 0.065691814
./saved_models/201903-31-14-22-55+0.05:12, 0.05, 12, 0.01986915299808979, 0.976918, 0.0881319, 73.288376, 0.013393607, 0.064317755
./saved_models/201903-31-14-23-49+5.0:12, 5.0, 12, 0.3400765859417915, 0.967623, 0.10954597, 128.85341, 0.022086501, 0.06290395
./saved_models/201903-31-14-23-51+1.0:12, 1.0, 12, 0.08211771199584007, 0.974332, 0.09589449, 255.58904, 0.015881589, 0.062898606
./saved_models/201903-31-14-24-20+0.001:13, 0.001, 13, 0.01692098028832674, 0.976648, 0.08910505, 68.03043, 0.013609981, 0.066286355
./saved_models/201903-31-14-25-01+0.005:13, 0.005, 13, 0.016966457456320524, 0.977013, 0.088371314, 72.09941, 0.013388995, 0.06543546
./saved_models/201903-31-14-26-13+0.0:13, 0.0, 13, 0.016608373242646454, 0.977147, 0.08825217, 77.1069, 0.013359015, 0.06563779
./saved_models/201903-31-14-27-00+0.05:13, 0.05, 13, 0.019817704330712557, 0.976978, 0.0880233, 75.34159, 0.013360186, 0.06404359
./saved_models/201903-31-14-27-52+5.0:13, 5.0, 13, 0.31568793377518656, 0.970896, 0.104391076, 96.704735, 0.020546949, 0.058338307
./saved_models/201903-31-14-28-03+1.0:13, 1.0, 13, 0.07954325073814392, 0.974515, 0.09400769, 99.947334, 0.015487918, 0.060708787
./saved_models/201903-31-14-28-20+0.001:14, 0.001, 14, 0.016657497921764852, 0.976969, 0.08822159, 100.83124, 0.013344393, 0.06568152
./saved_models/201903-31-14-29-07+0.005:14, 0.005, 14, 0.016967393735289573, 0.976775, 0.08841685, 89.65007, 0.01339144, 0.065654695
./saved_models/201903-31-14-30-05+0.0:14, 0.0, 14, 0.016678450562119484, 0.976617, 0.08857881, 92.45744, 0.013429182, 0.066025816
./saved_models/201903-31-14-31-11+0.05:14, 0.05, 14, 0.01985907982969284, 0.976903, 0.08814133, 77.78388, 0.01339302, 0.064207666
./saved_models/201903-31-14-31-54+5.0:14, 5.0, 14, 0.3084199431717396, 0.969703, 0.104112715, 118.88141, 0.021120604, 0.056771286
./saved_models/201903-31-14-32-00+1.0:14, 1.0, 14, 0.07950605623471736, 0.974569, 0.09449558, 84.99409, 0.015761307, 0.060408946
./saved_models/201903-31-15-20-05+2.0:0, 2.0, 0, 0.13648941128587722, 0.972586, 0.097120486, 97.39569, 0.017193045, 0.05795838
./saved_models/201903-31-15-20-21+3.0:0, 3.0, 0, 0.21846328087353706, 0.971575, 0.1079045, 106.1728, 0.020493608, 0.06485127
./saved_models/201903-31-15-20-34+4.0:0, 4.0, 0, 0.27571040658569335, 0.969224, 0.10793619, 106.49605, 0.021338075, 0.062735066
./saved_models/201903-31-15-20-50+10.0:0, 10.0, 0, 0.6066771280612946, 0.96597, 0.114064276, 151.29951, 0.025428932, 0.05777427
./saved_models/201903-31-15-22-22+2.0:1, 2.0, 1, 0.14255015288066863, 0.972376, 0.09968562, 96.99901, 0.01766955, 0.06075238
./saved_models/201903-31-15-22-33+3.0:1, 3.0, 1, 0.19857837108564377, 0.971911, 0.100815184, 130.34076, 0.018937908, 0.05874608
./saved_models/201903-31-15-22-45+4.0:1, 4.0, 1, 0.2581646917393208, 0.971112, 0.10406024, 132.18733, 0.02061199, 0.058525536
./saved_models/201903-31-15-23-02+10.0:1, 10.0, 1, 0.587766748831749, 0.967522, 0.11129357, 110.7373, 0.024665907, 0.055958677
./saved_models/201903-31-15-24-14+50.0:0, 50.0, 0, 3.153529483264923, 0.956546, 0.14322326, 121.34759, 0.04059883, 0.062187046
./saved_models/201903-31-15-24-52+2.0:2, 2.0, 2, 0.13784673073112966, 0.973558, 0.097723626, 88.547905, 0.017115584, 0.05867194
./saved_models/201903-31-15-24-59+3.0:2, 3.0, 2, 0.20564586689805983, 0.971197, 0.10259211, 145.89357, 0.019206826, 0.061008304
./saved_models/201903-31-15-25-13+4.0:2, 4.0, 2, 0.26852533695411684, 0.971302, 0.10445177, 101.34423, 0.020271886, 0.06120242
./saved_models/201903-31-15-25-38+10.0:2, 10.0, 2, 0.6942154676952362, 0.96545, 0.12152486, 214.91199, 0.027266642, 0.06634567
./saved_models/201903-31-15-26-56+50.0:1, 50.0, 1, 2.912359861934662, 0.956398, 0.1397952, 273.04654, 0.03928661, 0.05738956
./saved_models/201903-31-15-27-39+3.0:3, 3.0, 3, 0.2193556463327408, 0.969981, 0.106244296, 120.54408, 0.019778874, 0.065387405
./saved_models/201903-31-15-27-36+2.0:3, 2.0, 3, 0.13663720834589005, 0.972987, 0.097143136, 100.610565, 0.017150313, 0.058051124
./saved_models/201903-31-15-27-54+4.0:3, 4.0, 3, 0.25238664143133166, 0.970723, 0.10205185, 87.72624, 0.019445043, 0.05737264
./saved_models/201903-31-15-28-18+10.0:3, 10.0, 3, 0.6213061059503555, 0.966077, 0.11450432, 123.43557, 0.025947934, 0.05918559
./saved_models/201903-31-15-29-36+50.0:2, 50.0, 2, 3.1477815843391417, 0.95536, 0.14394724, 140.79512, 0.04244749, 0.06203558
./saved_models/201903-31-15-30-14+3.0:4, 3.0, 4, 0.2056917373802662, 0.971564, 0.10383489, 102.40853, 0.019700205, 0.060858943
./saved_models/201903-31-15-30-15+2.0:4, 2.0, 4, 0.1375388045681715, 0.972183, 0.09844829, 75.7826, 0.017557114, 0.058297154
./saved_models/201903-31-15-30-31+4.0:4, 4.0, 4, 0.25719045735907553, 0.970162, 0.1032598, 106.829926, 0.020240419, 0.05838072
./saved_models/201903-31-15-30-57+10.0:4, 10.0, 4, 0.614128530798912, 0.967119, 0.11451658, 112.18242, 0.025965707, 0.058465708
./saved_models/201903-31-15-32-14+50.0:3, 50.0, 3, 2.980488759830475, 0.955973, 0.14121892, 118.98057, 0.040361106, 0.058730997
./saved_models/201903-31-15-32-49+3.0:5, 3.0, 5, 0.20861851366376877, 0.971292, 0.10384503, 98.7077, 0.01937588, 0.061940704
./saved_models/201903-31-15-32-53+2.0:5, 2.0, 5, 0.15988347368574143, 0.971814, 0.10669648, 103.76989, 0.019271355, 0.06861223
./saved_models/201903-31-15-33-05+4.0:5, 4.0, 5, 0.2671152628393173, 0.96953, 0.104469225, 90.00841, 0.020573279, 0.06077391
./saved_models/201903-31-15-33-30+10.0:5, 10.0, 5, 0.6319448446741104, 0.967152, 0.113868035, 130.09488, 0.025382891, 0.060304698
./saved_models/201903-31-15-34-46+50.0:4, 50.0, 4, 2.9577482753829956, 0.955007, 0.14255029, 121.1414, 0.04127435, 0.05825686
./saved_models/201903-31-15-35-19+3.0:6, 3.0, 6, 0.1914527774028778, 0.972043, 0.0993036, 84.660736, 0.01842952, 0.056530405
./saved_models/201903-31-15-35-26+2.0:6, 2.0, 6, 0.14908631786942483, 0.972863, 0.101424016, 101.6234, 0.018360566, 0.06366643
./saved_models/201903-31-15-35-36+4.0:6, 4.0, 6, 0.26158657246279715, 0.97133, 0.10408929, 119.98238, 0.020290593, 0.0594638
./saved_models/201903-31-15-36-03+10.0:6, 10.0, 6, 0.6241226307430268, 0.968088, 0.11421855, 150.07874, 0.025074631, 0.059554547
./saved_models/201903-31-15-37-20+50.0:5, 50.0, 5, 3.0887552030906678, 0.955034, 0.14156479, 131.4804, 0.039471563, 0.060913503
./saved_models/201903-31-15-37-50+3.0:7, 3.0, 7, 0.20909639677882194, 0.971973, 0.102949806, 96.081825, 0.019071337, 0.062202074
./saved_models/201903-31-15-37-59+2.0:7, 2.0, 7, 0.14510452317380906, 0.972338, 0.10063802, 93.65817, 0.017899951, 0.061909396
./saved_models/201903-31-15-38-09+4.0:7, 4.0, 7, 0.2702457191233635, 0.970468, 0.10637084, 100.13637, 0.02106723, 0.061438244
./saved_models/201903-31-15-38-36+10.0:7, 10.0, 7, 0.5853477171030045, 0.96666, 0.11163999, 185.2415, 0.024781931, 0.055706188
./saved_models/201903-31-15-39-53+50.0:6, 50.0, 6, 3.0217897396545412, 0.955334, 0.14233933, 139.68185, 0.041590106, 0.05953188
./saved_models/201903-31-15-40-22+3.0:8, 3.0, 8, 0.2060310086259842, 0.971953, 0.10358112, 118.20081, 0.019691313, 0.060973268
./saved_models/201903-31-15-40-34+2.0:8, 2.0, 8, 0.16051047981619834, 0.97072, 0.105980046, 103.1515, 0.019370731, 0.06888193
./saved_models/201903-31-15-40-43+4.0:8, 4.0, 8, 0.2487833683857918, 0.970747, 0.10182106, 93.07006, 0.019835865, 0.056377515
./saved_models/201903-31-15-41-13+10.0:8, 10.0, 8, 0.6223737398376464, 0.964726, 0.11613576, 104.09477, 0.02633089, 0.059252992
./saved_models/201903-31-15-42-32+50.0:7, 50.0, 7, 3.254156254486084, 0.955406, 0.1421265, 192.94225, 0.040384848, 0.06420354
./saved_models/201903-31-15-43-01+3.0:9, 3.0, 9, 0.19593475033974647, 0.971786, 0.101287216, 92.04731, 0.018955326, 0.057856362
./saved_models/201903-31-15-43-11+2.0:9, 2.0, 9, 0.14031994970917702, 0.973338, 0.098721705, 128.26797, 0.017340904, 0.059795644
./saved_models/201903-31-15-43-20+4.0:9, 4.0, 9, 0.2805301604170799, 0.970209, 0.10676839, 113.35843, 0.020879705, 0.0640491
./saved_models/201903-31-15-43-53+10.0:9, 10.0, 9, 0.6462725191040039, 0.967552, 0.1160352, 132.46725, 0.025532188, 0.061722837
./saved_models/201903-31-15-45-25+50.0:8, 50.0, 8, 3.494936068397522, 0.957445, 0.14716361, 200.18564, 0.041932646, 0.068988904
./saved_models/201903-31-15-45-55+3.0:10, 3.0, 10, 0.19411673167181015, 0.972173, 0.09965054, 96.988106, 0.018422026, 0.057420794
./saved_models/201903-31-15-46-07+2.0:10, 2.0, 10, 0.13992264021039008, 0.972878, 0.098641515, 78.83365, 0.017673526, 0.059432052
./saved_models/201903-31-15-46-13+4.0:10, 4.0, 10, 0.2634184476537704, 0.970088, 0.10446169, 152.88438, 0.020262137, 0.059928883
./saved_models/201903-31-15-46-39+10.0:10, 10.0, 10, 0.6577580746774674, 0.963547, 0.12065572, 131.21556, 0.027947852, 0.0626285
./saved_models/201903-31-15-48-04+50.0:9, 50.0, 9, 2.9548912348480223, 0.954102, 0.14453207, 191.8851, 0.042234283, 0.058181014
./saved_models/201903-31-15-48-30+3.0:11, 3.0, 11, 0.21420271869397164, 0.968634, 0.106230535, 91.8472, 0.020098293, 0.0635626
./saved_models/201903-31-15-48-43+2.0:11, 2.0, 11, 0.1508742330393791, 0.972107, 0.10163694, 189.19739, 0.01848914, 0.06450348
./saved_models/201903-31-15-48-46+4.0:11, 4.0, 11, 0.26392607283735275, 0.970412, 0.10495525, 109.836334, 0.020433538, 0.060012095
./saved_models/201903-31-15-49-13+10.0:11, 10.0, 11, 0.6958056875505447, 0.965617, 0.12074968, 165.19424, 0.027422475, 0.06648751
./saved_models/201903-31-15-50-40+50.0:10, 50.0, 10, 3.203410399494171, 0.956757, 0.1408443, 148.16031, 0.039175287, 0.06321361
./saved_models/201903-31-15-51-04+3.0:12, 3.0, 12, 0.1988694319190979, 0.971898, 0.102464855, 198.77173, 0.019529998, 0.058640096
./saved_models/201903-31-15-51-20+4.0:12, 4.0, 12, 0.28653078673934934, 0.970022, 0.11115251, 122.28284, 0.02188694, 0.065302856
./saved_models/201903-31-15-51-19+2.0:12, 2.0, 12, 0.14636790370750427, 0.972824, 0.100489125, 126.11583, 0.017881604, 0.062549144
./saved_models/201903-31-15-51-48+10.0:12, 10.0, 12, 0.6045768478698731, 0.966897, 0.11294385, 109.73306, 0.025586272, 0.057549793
./saved_models/201903-31-15-53-16+50.0:11, 50.0, 11, 3.1359249855041504, 0.952439, 0.1456478, 398.90182, 0.041628696, 0.061813205
./saved_models/201903-31-15-53-38+3.0:13, 3.0, 13, 0.20913955255389213, 0.971501, 0.10451924, 116.155426, 0.0196427, 0.06202646
./saved_models/201903-31-15-53-53+4.0:13, 4.0, 13, 0.28500855223202703, 0.969088, 0.10881012, 108.31061, 0.021293178, 0.065069035
./saved_models/201903-31-15-53-55+2.0:13, 2.0, 13, 0.13804160529398918, 0.973137, 0.09804121, 87.761475, 0.017467877, 0.058593515
./saved_models/201903-31-15-54-23+10.0:13, 10.0, 13, 0.5893105486922264, 0.967916, 0.11181072, 100.20947, 0.024944913, 0.056086328
./saved_models/201903-31-15-55-54+50.0:12, 50.0, 12, 3.231549673862457, 0.951667, 0.15579945, 169.05513, 0.049727403, 0.06356457
./saved_models/201903-31-15-56-14+3.0:14, 3.0, 14, 0.23944684104776381, 0.971463, 0.11481762, 155.83406, 0.022457344, 0.07119359
./saved_models/201903-31-15-56-27+4.0:14, 4.0, 14, 0.2595474166152477, 0.971212, 0.10373391, 95.252, 0.02030027, 0.05895099
./saved_models/201903-31-15-56-36+2.0:14, 2.0, 14, 0.14044762555098533, 0.973264, 0.097663514, 98.427536, 0.017166095, 0.05994835
./saved_models/201903-31-15-57-05+10.0:14, 10.0, 14, 0.5916471414585114, 0.967115, 0.112698354, 121.57812, 0.025128625, 0.056299716
./saved_models/201903-31-15-58-26+50.0:13, 50.0, 13, 3.1297919367790223, 0.95674, 0.14225219, 140.04004, 0.039936297, 0.061725877
./saved_models/201903-31-15-59-25+50.0:14, 50.0, 14, 3.386451754398346, 0.936325, 0.21722773, 530.4165, 0.1378752, 0.064898
./saved_models/201903-31-16-18-07+20.0:0, 20.0, 0, 1.4609394317913056, 0.962552, 0.13155352, 127.85681, 0.0335989, 0.071190454
./saved_models/201903-31-16-18-28+30.0:0, 30.0, 0, 1.6993921602745057, 0.960018, 0.13124983, 154.08618, 0.035423543, 0.05534752
./saved_models/201903-31-16-18-51+40.0:0, 40.0, 0, 2.47236953074646, 0.941025, 0.20790574, 270.02197, 0.13571867, 0.05832497
./saved_models/201903-31-16-19-05+45.0:0, 45.0, 0, 2.960756521522522, 0.951269, 0.15420929, 417.43472, 0.046387456, 0.064684086
./saved_models/201903-31-16-19-28+60.0:0, 60.0, 0, 3.7315155508003235, 0.955256, 0.14407319, 138.6737, 0.042355806, 0.061426952
./saved_models/201903-31-16-21-03+20.0:1, 20.0, 1, 1.276490754562378, 0.961709, 0.12636848, 110.14025, 0.03229062, 0.06203197
./saved_models/201903-31-16-22-01+30.0:1, 30.0, 1, 1.745757693693161, 0.958635, 0.13627684, 121.50018, 0.038239226, 0.05679829
./saved_models/201903-31-16-22-29+40.0:1, 40.0, 1, 2.237030191286087, 0.956495, 0.13932224, 117.53769, 0.039346702, 0.054851893
./saved_models/201903-31-16-22-51+45.0:1, 45.0, 1, 2.5867118188209535, 0.957572, 0.13598472, 141.154, 0.037586235, 0.056567762
./saved_models/201903-31-16-23-02+60.0:1, 60.0, 1, 3.6857501912231445, 0.953237, 0.1523462, 149.30652, 0.048466533, 0.060561374
./saved_models/201903-31-16-24-50+20.0:2, 20.0, 2, 1.2193113492603302, 0.963855, 0.12115669, 117.85693, 0.029437657, 0.059317242
./saved_models/201903-31-16-25-18+30.0:2, 30.0, 2, 1.6598544704761504, 0.960062, 0.13115448, 131.46721, 0.035361387, 0.054032706
./saved_models/201903-31-16-25-42+40.0:2, 40.0, 2, 2.4979531567115782, 0.957274, 0.13818288, 132.66959, 0.038401138, 0.06139973
./saved_models/201903-31-16-25-59+45.0:2, 45.0, 2, 2.623206897064209, 0.954999, 0.14368792, 158.13272, 0.04179364, 0.057285562
./saved_models/201903-31-16-26-07+60.0:2, 60.0, 2, 3.9097669079437254, 0.93756, 0.228099, 352.44214, 0.16193843, 0.062402084
./saved_models/201903-31-16-28-00+20.0:3, 20.0, 3, 1.1547005741415024, 0.961892, 0.12467706, 112.15276, 0.031752113, 0.055970974
./saved_models/201903-31-16-28-24+30.0:3, 30.0, 3, 1.8140429140472412, 0.957481, 0.13516858, 123.35758, 0.036766116, 0.059124548
./saved_models/201903-31-16-28-57+40.0:3, 40.0, 3, 2.465614788043976, 0.959059, 0.13434649, 131.36528, 0.036694597, 0.06063214
./saved_models/201903-31-16-29-05+45.0:3, 45.0, 3, 2.55985020690155, 0.958395, 0.13230403, 121.27387, 0.035457022, 0.056018837
./saved_models/201903-31-16-29-11+60.0:3, 60.0, 3, 3.8265139957504273, 0.955017, 0.1443295, 141.04085, 0.041359887, 0.06302585
./saved_models/201903-31-16-31-08+20.0:4, 20.0, 4, 1.2693333373947144, 0.959731, 0.13235752, 118.72602, 0.03494248, 0.061542876
./saved_models/201903-31-16-31-46+30.0:4, 30.0, 4, 1.8450833829364777, 0.961006, 0.13055512, 152.1459, 0.034626875, 0.060230874
./saved_models/201903-31-16-31-56+45.0:4, 45.0, 4, 2.608194333580017, 0.954545, 0.14020005, 192.37021, 0.039676283, 0.05699861
./saved_models/201903-31-16-31-56+40.0:4, 40.0, 4, 2.3861590678634643, 0.955887, 0.1376674, 121.776825, 0.038002055, 0.058614608
./saved_models/201903-31-16-32-04+60.0:4, 60.0, 4, 3.4595668432693483, 0.956438, 0.1394607, 121.21597, 0.040218785, 0.05692997
./saved_models/201903-31-16-34-28+20.0:5, 20.0, 5, 1.2681161156215668, 0.958781, 0.12964202, 123.58363, 0.032338493, 0.061612036
./saved_models/201903-31-16-34-53+30.0:5, 30.0, 5, 2.503339461292267, 0.937355, 0.21877393, 164.15063, 0.13152964, 0.07893667
./saved_models/201903-31-16-35-16+45.0:5, 45.0, 5, 2.97711510622406, 0.956219, 0.14468622, 159.6453, 0.042733233, 0.06512949
./saved_models/201903-31-16-35-19+60.0:5, 60.0, 5, 4.279488720569611, 0.951074, 0.1592189, 133.8725, 0.05196128, 0.07039935
./saved_models/201903-31-16-35-26+40.0:5, 40.0, 5, 2.5576141579666136, 0.952771, 0.14630753, 154.3274, 0.04199587, 0.06280087
./saved_models/201903-31-16-37-52+20.0:6, 20.0, 6, 1.258873774181366, 0.963391, 0.1256879, 137.81403, 0.03165641, 0.061183047
./saved_models/201903-31-16-38-13+30.0:6, 30.0, 6, 1.7231885834255218, 0.95889, 0.1329561, 149.71346, 0.03519461, 0.05614768
./saved_models/201903-31-16-38-34+60.0:6, 60.0, 6, 3.877269377735138, 0.951583, 0.15451457, 157.6823, 0.047461607, 0.06376977
./saved_models/201903-31-16-38-33+45.0:6, 45.0, 6, 2.8361824060440064, 0.955641, 0.14613548, 149.21121, 0.042430744, 0.06200353
./saved_models/201903-31-16-38-48+40.0:6, 40.0, 6, 2.336121781902313, 0.958794, 0.13536455, 137.49265, 0.037464913, 0.057377025
./saved_models/201903-31-16-41-16+20.0:7, 20.0, 7, 1.3648354988746643, 0.959738, 0.13056628, 118.593285, 0.03434213, 0.06634646
./saved_models/201903-31-16-41-36+30.0:7, 30.0, 7, 1.9111616706390382, 0.955704, 0.14201722, 157.55145, 0.038863126, 0.06229121
./saved_models/201903-31-16-41-53+60.0:7, 60.0, 7, 4.0698348353347775, 0.951118, 0.1577911, 146.79999, 0.048895672, 0.06695612
./saved_models/201903-31-16-41-56+45.0:7, 45.0, 7, 2.826748669818878, 0.95819, 0.13872638, 121.33128, 0.03714116, 0.06191203
./saved_models/201903-31-16-42-17+40.0:7, 40.0, 7, 2.6304572465438842, 0.95821, 0.13973893, 283.2324, 0.03938499, 0.06468738
./saved_models/201903-31-16-44-24+20.0:8, 20.0, 8, 1.2547683290348053, 0.96042, 0.1292864, 115.76765, 0.03314764, 0.06090373
./saved_models/201903-31-16-44-36+30.0:8, 30.0, 8, 1.77286115675354, 0.960352, 0.12962672, 113.99892, 0.034391575, 0.057830077
./saved_models/201903-31-16-44-51+60.0:8, 60.0, 8, 3.591768871055603, 0.950678, 0.15669745, 158.67876, 0.049218446, 0.058982186
./saved_models/201903-31-16-44-59+45.0:8, 45.0, 8, 2.9701181785850523, 0.954222, 0.14426333, 152.1648, 0.041522473, 0.065001115
./saved_models/201903-31-16-45-29+40.0:8, 40.0, 8, 2.715321358325958, 0.954437, 0.14810714, 136.90607, 0.04382274, 0.06669749
./saved_models/201903-31-16-47-32+20.0:9, 20.0, 9, 1.19779109800148, 0.962036, 0.12466358, 126.46011, 0.031090282, 0.058158692
./saved_models/201903-31-16-47-43+30.0:9, 30.0, 9, 1.7095819174289704, 0.961225, 0.12541845, 132.5271, 0.032065395, 0.055798985
./saved_models/201903-31-16-47-50+60.0:9, 60.0, 9, 3.7212697092819216, 0.950448, 0.15589862, 175.50172, 0.050020024, 0.06112738
./saved_models/201903-31-16-48-06+45.0:9, 45.0, 9, 2.630320826927185, 0.955508, 0.14189012, 252.67162, 0.039654896, 0.05749069
./saved_models/201903-31-16-48-33+40.0:9, 40.0, 9, 2.4893661868782044, 0.957936, 0.14191242, 218.1238, 0.040017325, 0.06114491
./saved_models/201903-31-16-51-00+20.0:10, 20.0, 10, 1.2024184319114686, 0.963772, 0.122948386, 237.96909, 0.031046893, 0.058391348
./saved_models/201903-31-16-51-05+30.0:10, 30.0, 10, 1.7889918219680787, 0.960015, 0.13242045, 132.10075, 0.03563741, 0.05832692
./saved_models/201903-31-16-51-09+60.0:10, 60.0, 10, 3.821618283039093, 0.932073, 0.23814726, 225.15979, 0.17757882, 0.06067237
./saved_models/201903-31-16-51-36+45.0:10, 45.0, 10, 3.0316355799446106, 0.955039, 0.14486988, 179.33345, 0.04022511, 0.066396095
./saved_models/201903-31-16-52-11+40.0:10, 40.0, 10, 2.4683448677940367, 0.937723, 0.22213253, 246.89072, 0.16303328, 0.057540134
./saved_models/201903-31-16-54-27+20.0:11, 20.0, 11, 1.2313074883346558, 0.961714, 0.12651993, 118.56413, 0.031011138, 0.059838817
./saved_models/201903-31-16-54-29+30.0:11, 30.0, 11, 2.3561468893966673, 0.944337, 0.20761897, 209.29991, 0.123111084, 0.07430959
./saved_models/201903-31-16-54-30+60.0:11, 60.0, 11, 3.5964186281166075, 0.953213, 0.15093188, 291.35986, 0.046264708, 0.05910924
./saved_models/201903-31-16-54-58+45.0:11, 45.0, 11, 2.917770589866638, 0.937393, 0.21957108, 214.78777, 0.15362623, 0.061343614
./saved_models/201903-31-16-55-33+40.0:11, 40.0, 11, 2.5533688707847597, 0.953404, 0.14815333, 125.04302, 0.04285437, 0.06267285
./saved_models/201903-31-16-57-40+30.0:12, 30.0, 12, 1.9616148413906098, 0.958801, 0.13600583, 143.77505, 0.035650585, 0.06408017
./saved_models/201903-31-16-57-40+20.0:12, 20.0, 12, 1.2630914621486664, 0.963524, 0.122130044, 156.81917, 0.029955836, 0.061479863
./saved_models/201903-31-16-57-51+60.0:12, 60.0, 12, 3.817994206310272, 0.934556, 0.22325107, 508.80624, 0.14235975, 0.061200086
./saved_models/201903-31-16-58-16+45.0:12, 45.0, 12, 3.0790438100624082, 0.931227, 0.2311457, 218.41353, 0.15913182, 0.06480505
./saved_models/201903-31-16-58-48+40.0:12, 40.0, 12, 2.6126737607688906, 0.940294, 0.21882474, 163.59512, 0.14764968, 0.06153258
./saved_models/201903-31-17-01-17+20.0:13, 20.0, 13, 1.5913177610435485, 0.945142, 0.19510418, 179.78003, 0.11207205, 0.07377021
./saved_models/201903-31-17-01-23+30.0:13, 30.0, 13, 1.8013120302219392, 0.958598, 0.1344224, 121.65084, 0.03642847, 0.058710035
./saved_models/201903-31-17-01-30+60.0:13, 60.0, 13, 3.5761695678100587, 0.955418, 0.14480516, 123.12651, 0.042838078, 0.058829114
./saved_models/201903-31-17-02-05+45.0:13, 45.0, 13, 2.925738054763794, 0.938269, 0.21569926, 193.59439, 0.13867824, 0.061853327
./saved_models/201903-31-17-02-35+40.0:13, 40.0, 13, 2.5561637294044495, 0.958178, 0.13653257, 173.43672, 0.036343828, 0.06290601
./saved_models/201903-31-17-04-26+20.0:14, 20.0, 14, 1.2618168241081238, 0.963774, 0.12288824, 107.64017, 0.029933458, 0.061418436
./saved_models/201903-31-17-04-29+30.0:14, 30.0, 14, 1.9506082574424743, 0.938187, 0.20116098, 219.36694, 0.12706704, 0.06066165
./saved_models/201903-31-17-04-33+60.0:14, 60.0, 14, 3.7384368924827576, 0.953856, 0.14937158, 220.76233, 0.045128714, 0.061495602
./saved_models/201903-31-17-05-12+45.0:14, 45.0, 14, 3.084676104011536, 0.952435, 0.14993158, 126.18241, 0.043247048, 0.06750722
./saved_models/201903-31-17-05-41+40.0:14, 40.0, 14, 2.4801630572013855, 0.957044, 0.14152014, 132.91956, 0.040310405, 0.060906798
./saved_models/201903-31-17-09-58+25.0:0, 25.0, 0, 1.6996572216415404, 0.959767, 0.13549642, 408.7893, 0.035239752, 0.06643489
./saved_models/201903-31-17-10-20+35.0:0, 35.0, 0, 2.0629421535606385, 0.956992, 0.13806424, 133.5205, 0.039286785, 0.0577168
./saved_models/201903-31-17-10-42+45.0:0, 45.0, 0, 2.9426641051979066, 0.937402, 0.2219313, 217.68425, 0.14663512, 0.062052146
./saved_models/201903-31-17-10-55+55.0:0, 55.0, 0, 3.131367359565735, 0.954615, 0.14314732, 279.46576, 0.04188473, 0.056106634
./saved_models/201903-31-17-11-42+25.0:1, 25.0, 1, 1.5688945333003999, 0.960747, 0.12815283, 213.24695, 0.032399774, 0.06131723
./saved_models/201903-31-17-12-16+35.0:1, 35.0, 1, 2.074543053340912, 0.958048, 0.13615616, 159.59627, 0.03712478, 0.058111683
./saved_models/201903-31-17-12-42+45.0:1, 45.0, 1, 2.737814121383667, 0.955921, 0.14271884, 130.80869, 0.04077785, 0.059854366
./saved_models/201903-31-17-12-52+55.0:1, 55.0, 1, 3.50356273469162, 0.953346, 0.15186197, 145.40096, 0.047207132, 0.06277808
./saved_models/201903-31-17-13-56+25.0:2, 25.0, 2, 1.5692533466892242, 0.958672, 0.13110702, 145.73903, 0.03451219, 0.061247017
./saved_models/201903-31-17-14-41+35.0:2, 35.0, 2, 1.9368439270267486, 0.958228, 0.13524503, 159.30095, 0.03816217, 0.054145597
./saved_models/201903-31-17-15-33+15.0:0, 15.0, 0, 0.9931400178403854, 0.963985, 0.12117496, 189.68597, 0.028801426, 0.06405442
./saved_models/201903-31-17-15-35+45.0:2, 45.0, 2, 2.9009418192939758, 0.952427, 0.14902753, 255.40128, 0.043595202, 0.06341699
./saved_models/201903-31-17-15-42+55.0:2, 55.0, 2, 3.471068645656586, 0.934437, 0.22285621, 179.73065, 0.14913386, 0.060332756
./saved_models/201903-31-17-17-15+25.0:3, 25.0, 3, 1.5235074078216553, 0.96099, 0.1288878, 152.25372, 0.033381004, 0.05946258
./saved_models/201903-31-17-18-05+35.0:3, 35.0, 3, 2.1557774144363404, 0.960254, 0.13198441, 125.451385, 0.034815047, 0.060495593
./saved_models/201903-31-17-18-36+15.0:1, 15.0, 1, 0.9083760113887787, 0.96464, 0.12022322, 133.24345, 0.028747033, 0.058405966
./saved_models/201903-31-17-18-44+55.0:3, 55.0, 3, 3.428945448974609, 0.954192, 0.14683971, 218.096, 0.04276575, 0.06150118
./saved_models/201903-31-17-18-44+45.0:3, 45.0, 3, 2.7040373646507265, 0.956765, 0.14091161, 130.32352, 0.040692996, 0.059105836
./saved_models/201903-31-17-20-20+25.0:4, 25.0, 4, 1.4684425895175934, 0.962268, 0.12654717, 240.58542, 0.031817626, 0.05732128
./saved_models/201903-31-17-21-10+35.0:4, 35.0, 4, 2.126441221107483, 0.958498, 0.13384257, 229.06284, 0.035946306, 0.059626218
./saved_models/201903-31-17-21-30+15.0:2, 15.0, 2, 1.0303233573856354, 0.963613, 0.12653346, 126.770035, 0.030458024, 0.06641887
./saved_models/201903-31-17-21-37+55.0:4, 55.0, 4, 3.285971862804413, 0.955474, 0.1435738, 129.28465, 0.041455556, 0.05892578
./saved_models/201903-31-17-21-44+45.0:4, 45.0, 4, 2.860051050518036, 0.954885, 0.14525424, 127.67265, 0.04314792, 0.06251798
./saved_models/201903-31-17-23-27+25.0:5, 25.0, 5, 1.4668077719860078, 0.961434, 0.12684627, 150.13388, 0.0327663, 0.05721731
./saved_models/201903-31-17-24-04+35.0:5, 35.0, 5, 2.0645149986248015, 0.958066, 0.13247901, 120.923164, 0.035378408, 0.057873115
./saved_models/201903-31-17-24-14+15.0:3, 15.0, 3, 0.8832371277637482, 0.965212, 0.116405316, 110.85594, 0.0272245, 0.05683312
./saved_models/201903-31-17-24-19+55.0:5, 55.0, 5, 3.1083848412742614, 0.954762, 0.14310983, 147.01562, 0.041133016, 0.055703208
./saved_models/201903-31-17-24-33+45.0:5, 45.0, 5, 3.049449999637604, 0.952111, 0.14795381, 223.67413, 0.043528702, 0.066718176
./saved_models/201903-31-17-26-21+25.0:6, 25.0, 6, 1.581012562942505, 0.959722, 0.13132761, 120.610504, 0.035282634, 0.061687723
./saved_models/201903-31-17-26-55+35.0:6, 35.0, 6, 2.337666417160034, 0.943405, 0.20770869, 189.9685, 0.14243814, 0.06261585
./saved_models/201903-31-17-26-58+15.0:4, 15.0, 4, 0.948551870800972, 0.962589, 0.1220122, 117.141975, 0.029305482, 0.061048165
./saved_models/201903-31-17-27-03+55.0:6, 55.0, 6, 4.142372931732178, 0.928884, 0.22987777, 241.25832, 0.15954904, 0.07234725
./saved_models/201903-31-17-27-24+45.0:6, 45.0, 6, 2.8600904568748473, 0.956059, 0.13970959, 135.2145, 0.039624207, 0.06259814
./saved_models/201903-31-17-29-14+25.0:7, 25.0, 7, 1.5747989144058228, 0.959952, 0.1304976, 168.84775, 0.033732593, 0.0615001
./saved_models/201903-31-17-29-40+35.0:7, 35.0, 7, 2.1137411199989318, 0.9582, 0.13669643, 132.07469, 0.037594385, 0.059215747
./saved_models/201903-31-17-29-42+15.0:5, 15.0, 5, 0.9540890118741989, 0.964638, 0.122011214, 146.38158, 0.029416054, 0.06140819
./saved_models/201903-31-17-29-47+55.0:7, 55.0, 7, 3.21939203332901, 0.953748, 0.1468983, 135.64252, 0.044450186, 0.057661787
./saved_models/201903-31-17-30-17+45.0:7, 45.0, 7, 3.010107330459595, 0.957398, 0.14142509, 150.40256, 0.03949147, 0.06593427
./saved_models/201903-31-17-32-17+25.0:8, 25.0, 8, 1.4570448724575042, 0.962081, 0.12675391, 114.617096, 0.032677483, 0.05683139
./saved_models/201903-31-17-32-29+35.0:8, 35.0, 8, 2.156536665576935, 0.958223, 0.13877478, 284.56573, 0.038689956, 0.060407344
./saved_models/201903-31-17-32-33+15.0:6, 15.0, 6, 1.212744787768364, 0.95171, 0.17979263, 142.24205, 0.09756908, 0.074093476
./saved_models/201903-31-17-32-39+55.0:8, 55.0, 8, 3.835295653213501, 0.953485, 0.15481932, 195.99016, 0.04585193, 0.068832956
./saved_models/201903-31-17-33-14+45.0:8, 45.0, 8, 2.822220360458374, 0.95536, 0.14409845, 123.68125, 0.041071497, 0.061722673
./saved_models/201903-31-17-35-13+15.0:7, 15.0, 7, 0.939863831158638, 0.966159, 0.118614614, 130.38344, 0.027574042, 0.060583193
./saved_models/201903-31-17-35-11+35.0:9, 35.0, 9, 2.3284260743255616, 0.955505, 0.14400326, 214.34126, 0.039612334, 0.06529173
./saved_models/201903-31-17-35-09+25.0:9, 25.0, 9, 1.7046734733314515, 0.960234, 0.13621442, 182.85513, 0.03538731, 0.06662765
./saved_models/201903-31-17-35-24+55.0:9, 55.0, 9, 3.209945089508057, 0.95297, 0.14969935, 162.89005, 0.045724772, 0.057466224
./saved_models/201903-31-17-36-02+45.0:9, 45.0, 9, 2.9240627709350586, 0.954222, 0.14656569, 133.98927, 0.043883253, 0.06392446
./saved_models/201903-31-17-37-50+15.0:8, 15.0, 8, 0.8807201454229355, 0.9659, 0.115754515, 108.024864, 0.02725559, 0.05666194
./saved_models/201903-31-17-37-51+35.0:10, 35.0, 10, 2.1559055779914855, 0.95914, 0.1340192, 132.10605, 0.03567076, 0.060476575
./saved_models/201903-31-17-37-56+25.0:10, 25.0, 10, 1.5922411037540436, 0.960049, 0.12909994, 136.76346, 0.033878155, 0.06219208
./saved_models/201903-31-17-38-07+55.0:10, 55.0, 10, 3.3241423784217834, 0.936005, 0.21966211, 247.42036, 0.15085056, 0.057629526
./saved_models/201903-31-17-38-48+45.0:10, 45.0, 10, 3.039033351764679, 0.954026, 0.1458825, 289.51212, 0.041460615, 0.06653256
./saved_models/201903-31-17-40-19+15.0:9, 15.0, 9, 0.9058252825155259, 0.964712, 0.12002281, 114.20136, 0.028229114, 0.05827023
./saved_models/201903-31-17-40-23+35.0:11, 35.0, 11, 2.10606387084198, 0.957404, 0.13625975, 123.453865, 0.03778653, 0.058992717
./saved_models/201903-31-17-40-36+25.0:11, 25.0, 11, 1.5077151825790405, 0.960012, 0.13375027, 119.374794, 0.036903784, 0.05868817
./saved_models/201903-31-17-40-47+55.0:11, 55.0, 11, 3.7104033503952025, 0.928427, 0.2429016, 252.89488, 0.18060148, 0.06411033
./saved_models/201903-31-17-41-35+45.0:11, 45.0, 11, 2.6761499831733704, 0.936319, 0.21689363, 169.21564, 0.14667556, 0.056127608
./saved_models/201903-31-17-43-03+15.0:10, 15.0, 10, 1.0084206324739455, 0.965451, 0.12203801, 114.17262, 0.028958838, 0.06506078
./saved_models/201903-31-17-43-06+35.0:12, 35.0, 12, 2.2872255073127747, 0.940058, 0.2110821, 362.98132, 0.13292068, 0.06144533
./saved_models/201903-31-17-43-23+25.0:12, 25.0, 12, 1.5827373447456359, 0.959507, 0.13442315, 151.26688, 0.035558343, 0.061744295
./saved_models/201903-31-17-43-33+55.0:12, 55.0, 12, 3.2920026490364074, 0.930959, 0.23514496, 260.08295, 0.15940851, 0.056889243
./saved_models/201903-31-17-44-16+45.0:12, 45.0, 12, 2.573847930835724, 0.956807, 0.13823387, 144.9132, 0.038451776, 0.05626334
./saved_models/201903-31-17-45-41+15.0:11, 15.0, 11, 0.9534922919712067, 0.964764, 0.12170389, 159.50021, 0.02871636, 0.061414976
./saved_models/201903-31-17-45-45+35.0:13, 35.0, 13, 1.992404891702652, 0.956689, 0.14052434, 133.40498, 0.040774576, 0.05565765
./saved_models/201903-31-17-46-14+55.0:13, 55.0, 13, 3.1170248886260987, 0.953174, 0.14848195, 128.76698, 0.045589685, 0.05577959
./saved_models/201903-31-17-46-10+25.0:13, 25.0, 13, 1.503545050830841, 0.962148, 0.12541322, 107.74317, 0.03217963, 0.05871122
./saved_models/201903-31-17-46-59+45.0:13, 45.0, 13, 2.5280340700416564, 0.954986, 0.141698, 285.86243, 0.041740574, 0.05517154
./saved_models/201903-31-17-48-18+15.0:12, 15.0, 12, 0.968887366235733, 0.964785, 0.119952716, 111.40661, 0.02838662, 0.062465478
./saved_models/201903-31-17-48-23+35.0:14, 35.0, 14, 2.098769609085083, 0.958816, 0.13190657, 127.47216, 0.035030443, 0.05886259
./saved_models/201903-31-17-48-53+55.0:14, 55.0, 14, 4.078502938396454, 0.9353, 0.23231637, 213.23479, 0.16066025, 0.07116566
./saved_models/201903-31-17-48-55+25.0:14, 25.0, 14, 1.5828152247772216, 0.961367, 0.12732461, 135.19942, 0.032602355, 0.061866034
./saved_models/201903-31-17-49-40+45.0:14, 45.0, 14, 2.7012638580207824, 0.954268, 0.14705661, 146.41785, 0.043385547, 0.05898457
./saved_models/201903-31-17-51-02+15.0:13, 15.0, 13, 1.0178990814380646, 0.961921, 0.12667568, 118.3619, 0.03056854, 0.06558637
./saved_models/201903-31-17-51-05+35.0:15, 35.0, 15, 2.4522912537231445, 0.941213, 0.20744146, 190.98772, 0.12620938, 0.06635552
./saved_models/201903-31-17-51-34+55.0:15, 55.0, 15, 3.7870336547088623, 0.938073, 0.21453463, 360.26993, 0.13668112, 0.06630221
./saved_models/201903-31-17-51-42+25.0:15, 25.0, 15, 1.5704769777202605, 0.961864, 0.12601058, 125.723, 0.031489227, 0.061418567
./saved_models/201903-31-17-52-25+45.0:15, 45.0, 15, 2.6979808893051147, 0.937872, 0.21825896, 305.5936, 0.14693478, 0.056606587
./saved_models/201903-31-17-53-42+15.0:14, 15.0, 14, 0.9385181728534698, 0.965981, 0.12236508, 127.05955, 0.029203488, 0.06038431
./saved_models/201903-31-17-53-48+35.0:16, 35.0, 16, 2.3076295945243834, 0.957843, 0.14039057, 149.82162, 0.038459897, 0.06473134
./saved_models/201903-31-17-54-16+55.0:16, 55.0, 16, 3.30248628956604, 0.954739, 0.14362478, 157.09291, 0.04130196, 0.05922938
./saved_models/201903-31-17-54-31+25.0:16, 25.0, 16, 1.5746031157016753, 0.959841, 0.13039759, 226.73953, 0.034197245, 0.061474636
./saved_models/201903-31-17-55-13+45.0:16, 45.0, 16, 2.789950873790741, 0.956168, 0.14214268, 148.5107, 0.039977483, 0.06103068
./saved_models/201903-31-17-56-30+15.0:15, 15.0, 15, 0.9025121749238968, 0.963482, 0.12059083, 177.88829, 0.029486729, 0.05796439
./saved_models/201903-31-17-56-35+35.0:17, 35.0, 17, 2.1933345989246367, 0.940592, 0.21002713, 224.47946, 0.13498223, 0.0587059
./saved_models/201903-31-17-57-05+55.0:17, 55.0, 17, 3.590845394073486, 0.935565, 0.22222386, 195.05392, 0.14455003, 0.06259289
./saved_models/201903-31-17-57-27+25.0:17, 25.0, 17, 1.4946913016586303, 0.959616, 0.13147151, 126.52645, 0.035113495, 0.058239926
./saved_models/201903-31-17-58-08+45.0:17, 45.0, 17, 3.1462125090065003, 0.953863, 0.14864188, 175.22331, 0.044220805, 0.068853565
./saved_models/201903-31-17-59-23+15.0:16, 15.0, 16, 0.9373618761043548, 0.964494, 0.1219215, 120.42357, 0.028773507, 0.06033796
./saved_models/201903-31-17-59-27+35.0:18, 35.0, 18, 2.212330902759552, 0.957729, 0.13890696, 158.21863, 0.037553992, 0.0620343
./saved_models/201903-31-17-59-56+55.0:18, 55.0, 18, 3.6182593020019533, 0.952673, 0.15395692, 154.3029, 0.046820436, 0.06486954
./saved_models/201903-31-18-00-22+25.0:18, 25.0, 18, 1.5582105179843904, 0.961696, 0.126836, 136.94858, 0.032125145, 0.060901888
./saved_models/201903-31-18-01-12+45.0:18, 45.0, 18, 2.9648103694877626, 0.953234, 0.14934176, 119.49956, 0.0440539, 0.06482644
./saved_models/201903-31-18-02-12+15.0:17, 15.0, 17, 0.9964849057168961, 0.960354, 0.1282013, 111.593575, 0.032361843, 0.06403894
./saved_models/201903-31-18-02-22+35.0:19, 35.0, 19, 2.162357974784851, 0.960172, 0.12990473, 226.66614, 0.03382008, 0.0607123
./saved_models/201903-31-18-02-57+55.0:19, 55.0, 19, 3.6103926675300597, 0.953755, 0.149713, 150.81651, 0.04521351, 0.06475544
./saved_models/201903-31-18-03-28+25.0:19, 25.0, 19, 1.6291137149086, 0.945149, 0.18839203, 185.56929, 0.11524406, 0.06040969
./saved_models/201903-31-18-04-18+45.0:19, 45.0, 19, 2.6973440311470034, 0.957044, 0.13823576, 155.83124, 0.03873839, 0.059000723
./saved_models/201903-31-18-05-03+15.0:18, 15.0, 18, 0.8862756214256287, 0.964168, 0.11811491, 102.16927, 0.028902225, 0.056924008
./saved_models/201903-31-18-06-23+15.0:19, 15.0, 19, 0.9133995511789322, 0.964748, 0.117503196, 127.42642, 0.027869724, 0.058799885
